text,source,prediction,confidence,source_credibility_score,adjusted_confidence,sentiment,subjectivity,readability,exclamation_ratio,uppercase_ratio,subjectivity_examples,sentiment_examples,sensationalism_examples,readability_examples,capitalization_examples,explanation,case_id,review_status,reviewer_label,reviewer_note,review_history,timestamp,title,author,trust_source,in_review_queue
"A shocking new study has revealed that using a mobile phone for more than two hours a day can PERMANENTLY damage the human brain. Experts are now warning that millions of people are unknowingly putting themselves at serious risk.

The researchers reportedly discovered that radiation from smartphones destroys brain cells within minutes. This unbelievable discovery has been completely ignored by mainstream media, despite overwhelming evidence.

If you use a smartphone every day, you MUST stop immediately before it is too late.",Unknown,Likely Real,0.7695896029472351,0.5,,-0.0718855218855218,0.6356902356902356,0.3999200000000001,0.0,0.0378787878787878,,,,,,"⚠ CAUTION - Minor concern: opinion-heavy. Tone: Neutral. Content: Mostly OPINION (63%). Readability: Standard (Grade 11.7). Exclamation marks: No exclamation marks (measured tone). Capitalization: Slightly elevated (2 ALL-CAPS words). [Analyzes STYLE only, not FACTS]",#1002,Pending,,,"[{""time"": ""23:41"", ""event"": ""Article submitted for analysis""}]",23:41,,,,Yes
"Indian Railways approves ₹345 crore projects in Odisha and Uttar Pradesh.
The approved projects include a 6-km rail-line doubling project in Odisha and the implementation of Kavach 4.0 across 614.75 route kilometres of the Varanasi Division in Uttar Pradesh.",Unknown,Likely Real,0.9452665448188782,0.5,,0.0,0.0,0.6027721153846156,0.0,0.0465116279069767,,,,,,"✓ CREDIBLE - Professional tone, fact-based, no red flags. Tone: Neutral. Content: Mostly FACTS (100%). Readability: Simple (Grade 7.3). Exclamation marks: No exclamation marks (measured tone). Capitalization: Normal. [Analyzes STYLE only, not FACTS]",#1003,Pending,,,"[{""time"": ""23:42"", ""event"": ""Article submitted for analysis""}]",23:42,,,,Yes
"IITs Announce Automatic Graduation for Students With 75% Attendance
All IITs will reportedly allow students to graduate without appearing for final-year examinations if they maintain attendance above 75%. Officials claim the new policy will reduce student stress and revolutionize higher education.",Unknown,Likely Real,0.936148762702942,0.5,,0.1287878787878787,0.3515151515151515,0.1063725609756099,0.0,0.046979865771812,,,,,,"✓ CREDIBLE - Professional tone, fact-based, no red flags. Tone: Neutral. Content: Mostly FACTS with some opinion (35%). Readability: Very Complex (Grade 16.9). Exclamation marks: No exclamation marks (measured tone). Capitalization: Normal. [Analyzes STYLE only, not FACTS]",#1005,Pending,,,"[{""time"": ""23:44"", ""event"": ""Article submitted for analysis""}]",23:44,,,,Yes
"SHOCKING DISCOVERY: Scientists Say Chocolate Can Completely Prevent Heart Disease
A groundbreaking study has revealed that eating two pieces of dark chocolate every day can eliminate the risk of heart disease. Doctors are now urging everyone to include chocolate in their daily diet.",Unknown,Uncertain,0.6161879301071167,0.5,,-0.2625,0.4499999999999999,0.3745436046511631,0.0,0.0954063604240282,,,,,,"✓ CREDIBLE - Professional tone, fact-based, no red flags. Tone: Negative. Content: BALANCED (56% facts, 44% opinion). Readability: Complex (Grade 13.4). Exclamation marks: No exclamation marks (measured tone). Capitalization: Slightly elevated (2 ALL-CAPS words). [Analyzes STYLE only, not FACTS]",#1007,Pending,,,"[{""time"": ""23:44"", ""event"": ""Article submitted for analysis""}]",23:44,,,,Yes
INDIA and Pakistan are Bestiesss !!,Unknown,Likely Misinformation,0.8985515236854553,0.5,,0.0,0.0,0.4948000000000002,2.0,0.2,,,,,,"⚠ CAUTION - Minor concern: sensationalism. Tone: Neutral. Content: Mostly FACTS (100%). Readability: Simple (Grade 7.6). Exclamation marks: Heavy (200%). Capitalization: Slightly elevated (1 ALL-CAPS word). [Analyzes STYLE only, not FACTS]",#1008,Confirmed,Likely Misinformation,,"[{""time"": ""23:45"", ""event"": ""Article submitted for analysis""}, {""time"": ""23:47"", ""event"": ""Reviewer confirmed the model flag""}]",23:45,,,,Yes
"ISRO has announced plans for a new Earth observation mission designed to collect high-resolution data for agriculture, disaster management and environmental monitoring. The mission is expected to provide researchers with additional satellite observations for studying changes on the Earth's surface.",Unknown,Likely Real,0.7607892155647278,0.5,,0.0181818181818181,0.4272727272727272,0.0676000000000004,0.0,0.0234113712374581,,,,,,"✓ CREDIBLE - Professional tone, fact-based, no red flags. Tone: Neutral. Content: BALANCED (58% facts, 42% opinion). Readability: Very Complex (Grade 17.3). Exclamation marks: No exclamation marks (measured tone). Capitalization: Normal. [Analyzes STYLE only, not FACTS]",#1009,Pending,,,"[{""time"": ""16:46"", ""event"": ""Article submitted for analysis""}]",16:46,ISRO Announces New Earth Observation Mission,,,No
"SHOCKING SCIENTIFIC BREAKTHROUGH!!! Researchers have reportedly discovered a special type of water that can charge any smartphone to 100% in just five minutes. Experts are calling it THE GREATEST ENERGY DISCOVERY EVER, although no independent laboratory has confirmed the claim.",Unknown,Uncertain,0.5028418302536011,0.5,,0.1514285714285714,0.7392857142857142,0.3679166666666668,1.0,0.2230215827338129,,,,,,"✗ SUSPICIOUS - Multiple red flags: opinion-heavy, sensationalism, excessive caps. Tone: Neutral. Content: Mostly OPINION (73%). Readability: Standard (Grade 11.4). Exclamation marks: Heavy (100%). Capitalization: High (7 ALL-CAPS words, 18% of text). [Analyzes STYLE only, not FACTS]",#1010,Pending,,,"[{""time"": ""16:46"", ""event"": ""Article submitted for analysis""}]",16:46,Scientists Discover Water That Can Charge Phones,,,No
NASA scientists are examining new images and measurements collected by Mars spacecraft to better understand the planet's geology and atmosphere. Researchers say that continued observations will help improve knowledge about the history of the Martian surface.,Unknown,Uncertain,0.5952481031417847,0.5,,0.3181818181818182,0.4772727272727273,0.1936500000000001,0.0,0.0271317829457364,,,,,,"✓ CREDIBLE - Professional tone, fact-based, no red flags. Tone: Positive. Content: BALANCED (53% facts, 47% opinion). Readability: Complex (Grade 15.0). Exclamation marks: No exclamation marks (measured tone). Capitalization: Normal. [Analyzes STYLE only, not FACTS]",#1011,Pending,,,"[{""time"": ""16:46"", ""event"": ""Article submitted for analysis""}]",16:46,NASA Studies New Images From Mars,,,No
🚨 BREAKING NEWS!!! ALL COLLEGE STUDENTS IN INDIA WILL RECEIVE A BRAND-NEW LAPTOP FOR FREE STARTING NEXT WEEK!!! The announcement has supposedly been approved nationwide and students are being urged to register immediately before the LIMITED OFFER EXPIRES!!!,Unknown,Likely Misinformation,0.9046335220336914,0.5,,0.0651227678571428,0.2607142857142857,0.3257641891891893,9.0,0.4124513618677042,,,,,,"⚠ MIXED - Multiple concerns: sensationalism, excessive caps. Tone: Neutral. Content: Mostly FACTS with some opinion (26%). Readability: Complex (Grade 13.3). Exclamation marks: Heavy (900%). Capitalization: High (17 ALL-CAPS words, 45% of text). [Analyzes STYLE only, not FACTS]",#1012,Pending,,,"[{""time"": ""16:46"", ""event"": ""Article submitted for analysis""}]",16:46,Government Gives Every Student a Free Laptop Automatically,,,No
A research team has reported progress in developing a solar-cell material that could improve energy conversion efficiency under laboratory conditions. The researchers said further testing is required to evaluate its durability and potential for large-scale manufacturing.,Unknown,Likely Real,0.8241234421730042,0.5,,0.0,0.75,-0.0178499999999999,0.0,0.007380073800738,,,,,,"⚠ CAUTION - Minor concern: opinion-heavy. Tone: Neutral. Content: Mostly OPINION (75%). Readability: Very Complex (Grade 18.0). Exclamation marks: No exclamation marks (measured tone). Capitalization: Normal. [Analyzes STYLE only, not FACTS]",#1013,Pending,,,"[{""time"": ""16:46"", ""event"": ""Article submitted for analysis""}]",16:46,Researchers Develop More Efficient Solar Cell,,,No
"The university has opened a research centre focused on artificial intelligence, machine learning and data-driven applications. The centre will support student projects and collaborative research, with faculty members planning several activities during the academic year.",Unknown,Uncertain,0.5894478559494019,0.5,,-0.1999999999999999,0.3333333333333333,0.053696428571429,0.0,0.0074074074074074,,,,,,"✓ CREDIBLE - Professional tone, fact-based, no red flags. Tone: Neutral. Content: Mostly FACTS with some opinion (33%). Readability: Very Complex (Grade 16.9). Exclamation marks: No exclamation marks (measured tone). Capitalization: Normal. [Analyzes STYLE only, not FACTS]",#1014,Pending,,,"[{""time"": ""16:46"", ""event"": ""Article submitted for analysis""}]",16:46,University Opens New Centre for Artificial Intelligence Research,,,No
MIND-BLOWING NEWS!!! A newly developed AI robot has supposedly become capable of diagnosing EVERY disease with 100% accuracy and replacing doctors completely. Social media posts describe the machine as PERFECT and claim hospitals will no longer need human doctors.,Unknown,Likely Misinformation,0.989966094493866,0.5,,0.2666666666666667,0.3733333333333333,0.2218096153846156,1.0,0.1174242424242424,,,,,,"⚠ MIXED - Multiple concerns: sensationalism, excessive caps. Tone: Positive. Content: Mostly FACTS with some opinion (37%). Readability: Complex (Grade 15.0). Exclamation marks: Heavy (100%). Capitalization: High (5 ALL-CAPS words, 13% of text). [Analyzes STYLE only, not FACTS]",#1015,Pending,,,"[{""time"": ""16:46"", ""event"": ""Article submitted for analysis""}]",16:46,AI Robot Becomes First Machine to Replace Every Doctor,,,No
"Researchers are studying how parks and other green spaces influence temperature, air quality and people's use of urban areas. The work combines environmental measurements with observations of how residents interact with public spaces.",Unknown,Likely Real,0.7548738121986389,0.5,,-0.08125,0.1854166666666666,0.2345113636363638,0.0,0.0085470085470085,,,,,,"✓ CREDIBLE - Professional tone, fact-based, no red flags. Tone: Neutral. Content: Mostly FACTS (82%). Readability: Complex (Grade 14.1). Exclamation marks: No exclamation marks (measured tone). Capitalization: Normal. [Analyzes STYLE only, not FACTS]",#1016,Pending,,,"[{""time"": ""16:46"", ""event"": ""Article submitted for analysis""}]",16:46,Researchers Examine Effects of Urban Green Spaces,,,No
"🌕🚨 URGENT SPACE ALERT!!! Scientists have supposedly confirmed that the Moon will turn COMPLETELY GREEN for three consecutive nights next month because of a rare cosmic event. The claim has gone viral online, but no supporting scientific evidence has been provided.",Unknown,Likely Misinformation,0.6922101974487305,0.5,,0.075,0.49,0.5159666666666669,1.0,0.1287878787878787,,,,,,"⚠ MIXED - Multiple concerns: sensationalism, excessive caps. Tone: Neutral. Content: BALANCED (51% facts, 49% opinion). Readability: Standard (Grade 9.4). Exclamation marks: Heavy (100%). Capitalization: High (5 ALL-CAPS words, 12% of text). [Analyzes STYLE only, not FACTS]",#1017,Pending,,,"[{""time"": ""16:46"", ""event"": ""Article submitted for analysis""}]",16:46,Moon Will Turn Completely Green Next Month,,,No
Scientists have reported experimental results from a new battery material that showed promising performance during controlled laboratory tests. The researchers noted that additional experiments are needed before the material can be considered for commercial applications.,Unknown,Likely Real,0.7472002506256104,0.5,,0.1090909090909091,0.3386363636363636,-0.0188178571428568,0.0,0.007380073800738,,,,,,"✓ CREDIBLE - Professional tone, fact-based, no red flags. Tone: Neutral. Content: Mostly FACTS with some opinion (33%). Readability: Very Complex (Grade 17.9). Exclamation marks: No exclamation marks (measured tone). Capitalization: Normal. [Analyzes STYLE only, not FACTS]",#1018,Pending,,,"[{""time"": ""16:46"", ""event"": ""Article submitted for analysis""}]",16:46,New Battery Material Shows Promise in Laboratory Tests,,,No
BREAKING!!! INTERNET USERS ARE ABOUT TO EXPERIENCE THE BIGGEST TECHNOLOGY REVOLUTION EVER!!! A viral claim says that all internet connections will automatically become 100 TIMES FASTER overnight without any hardware changes. The claim has not been supported by network operators.,Unknown,Likely Misinformation,0.7582793831825256,0.5,,0.0,0.0,0.2621666666666666,2.0,0.3154121863799283,,,,,,"⚠ MIXED - Multiple concerns: sensationalism, excessive caps. Tone: Neutral. Content: Mostly FACTS (100%). Readability: Complex (Grade 12.9). Exclamation marks: Heavy (200%). Capitalization: High (11 ALL-CAPS words, 28% of text). [Analyzes STYLE only, not FACTS]",#1019,Pending,,,"[{""time"": ""16:46"", ""event"": ""Article submitted for analysis""}]",16:46,Internet Speed Will Become 100 Times Faster Overnight,,,No
"A technology company has announced that it is developing a new artificial-intelligence system designed to assist users with writing, research and data analysis. The company said testing is still underway and that additional details will be released later.
🚨🚨 SHOCKING AI BREAKTHROUGH!!! THE WORLD WILL NEVER BE THE SAME AGAIN!!! 🤯 Researchers have FINALLY CREATED AN AI THAT IS 100% PERFECT AND CAN NEVER MAKE A MISTAKE!!! Experts are reportedly ABSOLUTELY AMAZED by its unbelievable capabilities, with social media users calling it THE MOST POWERFUL AI EVER CREATED!!!
The viral posts further claim that the system can independently solve EVERY MATHEMATICAL PROBLEM, WRITE ANY SOFTWARE IN SECONDS AND REPLACE MILLIONS OF JOBS IMMEDIATELY. However, these claims have not been supported by any technical evaluation described in the announcement.
🔥🔥 THIS IS THE BIGGEST TECHNOLOGICAL REVOLUTION IN HUMAN HISTORY!!! Anyone who ignores this breakthrough will supposedly be LEFT BEHIND FOREVER!!!
The company has stated that the system remains under development and that its performance is still being evaluated. Further information is expected as testing progresses.",Unknown,Likely Misinformation,0.9052198529243468,0.5,,0.0162192234848484,0.473560606060606,0.2910809210526318,2.571428571428572,0.270223752151463,,,,,,"⚠ MIXED - Multiple concerns: sensationalism, excessive caps. Tone: Neutral. Content: BALANCED (53% facts, 47% opinion). Readability: Complex (Grade 12.7). Exclamation marks: Heavy (257%). Capitalization: High (39 ALL-CAPS words, 23% of text). [Analyzes STYLE only, not FACTS]",#1020,Pending,,,"[{""time"": ""18:24"", ""event"": ""Article submitted for analysis""}]",18:24,,,,No
"Virat Kohli smashed an unbeaten 139 off 88 balls as India chased down West Indies’ 295 with eight wickets to spare in the first ODI. The knock also took Kohli past 15,000 ODI runs, making him only the second batter after Sachin Tendulkar to reach the milestone.",akashwani news ,Likely Real,0.859286904335022,0.5,,-0.0311111111111111,0.3744444444444444,0.6598250000000001,0.0,0.057471264367816,,,,,,"✓ CREDIBLE - Professional tone, fact-based, no red flags. Tone: Neutral. Content: Mostly FACTS with some opinion (37%). Readability: Standard (Grade 9.9). Exclamation marks: No exclamation marks (measured tone). Capitalization: Normal. [Analyzes STYLE only, not FACTS]",#1022,Confirmed,Likely Real,,"[{""time"": ""18:50"", ""event"": ""Article submitted for analysis""}, {""time"": ""18:51"", ""event"": ""Sent to Review Queue""}, {""time"": ""18:52"", ""event"": ""Reviewer confirmed the model flag""}]",18:50,,,,Yes
"ISRO has announced plans for a new Earth observation mission designed to collect high-resolution data for agriculture, disaster management and environmental monitoring. The mission is expected to provide researchers with additional satellite observations for studying changes on the Earth's surface.",Unknown,Likely Real,0.7607892155647278,0.5,,0.0181818181818181,0.4272727272727272,0.0676000000000004,0.0,0.0234113712374581,,,,,,"✓ CREDIBLE - Professional tone, fact-based, no red flags. Tone: Neutral. Content: BALANCED (58% facts, 42% opinion). Readability: Very Complex (Grade 17.3). Exclamation marks: No exclamation marks (measured tone). Capitalization: Normal. [Analyzes STYLE only, not FACTS]",#1024,Pending,,,"[{""time"": ""18:57"", ""event"": ""Article submitted for analysis""}]",18:57,ISRO Announces New Earth Observation Mission,,,No
"SHOCKING SCIENTIFIC BREAKTHROUGH!!! Researchers have reportedly discovered a special type of water that can charge any smartphone to 100% in just five minutes. Experts are calling it THE GREATEST ENERGY DISCOVERY EVER, although no independent laboratory has confirmed the claim.",Unknown,Uncertain,0.5028418302536011,0.5,,0.1514285714285714,0.7392857142857142,0.3679166666666668,1.0,0.2230215827338129,,,,,,"✗ SUSPICIOUS - Multiple red flags: opinion-heavy, sensationalism, excessive caps. Tone: Neutral. Content: Mostly OPINION (73%). Readability: Standard (Grade 11.4). Exclamation marks: Heavy (100%). Capitalization: High (7 ALL-CAPS words, 18% of text). [Analyzes STYLE only, not FACTS]",#1025,Pending,,,"[{""time"": ""18:57"", ""event"": ""Article submitted for analysis""}]",18:57,Scientists Discover Water That Can Charge Phones,,,No
NASA scientists are examining new images and measurements collected by Mars spacecraft to better understand the planet's geology and atmosphere. Researchers say that continued observations will help improve knowledge about the history of the Martian surface.,Unknown,Uncertain,0.5952481031417847,0.5,,0.3181818181818182,0.4772727272727273,0.1936500000000001,0.0,0.0271317829457364,,,,,,"✓ CREDIBLE - Professional tone, fact-based, no red flags. Tone: Positive. Content: BALANCED (53% facts, 47% opinion). Readability: Complex (Grade 15.0). Exclamation marks: No exclamation marks (measured tone). Capitalization: Normal. [Analyzes STYLE only, not FACTS]",#1026,Pending,,,"[{""time"": ""18:57"", ""event"": ""Article submitted for analysis""}]",18:57,NASA Studies New Images From Mars,,,No
🚨 BREAKING NEWS!!! ALL COLLEGE STUDENTS IN INDIA WILL RECEIVE A BRAND-NEW LAPTOP FOR FREE STARTING NEXT WEEK!!! The announcement has supposedly been approved nationwide and students are being urged to register immediately before the LIMITED OFFER EXPIRES!!!,Unknown,Likely Misinformation,0.9046335220336914,0.5,,0.0651227678571428,0.2607142857142857,0.3257641891891893,9.0,0.4124513618677042,,,,,,"⚠ MIXED - Multiple concerns: sensationalism, excessive caps. Tone: Neutral. Content: Mostly FACTS with some opinion (26%). Readability: Complex (Grade 13.3). Exclamation marks: Heavy (900%). Capitalization: High (17 ALL-CAPS words, 45% of text). [Analyzes STYLE only, not FACTS]",#1027,Pending,,,"[{""time"": ""18:57"", ""event"": ""Article submitted for analysis""}]",18:57,Government Gives Every Student a Free Laptop Automatically,,,No
A research team has reported progress in developing a solar-cell material that could improve energy conversion efficiency under laboratory conditions. The researchers said further testing is required to evaluate its durability and potential for large-scale manufacturing.,Unknown,Likely Real,0.8241234421730042,0.5,,0.0,0.75,-0.0178499999999999,0.0,0.007380073800738,,,,,,"⚠ CAUTION - Minor concern: opinion-heavy. Tone: Neutral. Content: Mostly OPINION (75%). Readability: Very Complex (Grade 18.0). Exclamation marks: No exclamation marks (measured tone). Capitalization: Normal. [Analyzes STYLE only, not FACTS]",#1028,Pending,,,"[{""time"": ""18:57"", ""event"": ""Article submitted for analysis""}]",18:57,Researchers Develop More Efficient Solar Cell,,,No
"The university has opened a research centre focused on artificial intelligence, machine learning and data-driven applications. The centre will support student projects and collaborative research, with faculty members planning several activities during the academic year.",Unknown,Uncertain,0.5894478559494019,0.5,,-0.1999999999999999,0.3333333333333333,0.053696428571429,0.0,0.0074074074074074,,,,,,"✓ CREDIBLE - Professional tone, fact-based, no red flags. Tone: Neutral. Content: Mostly FACTS with some opinion (33%). Readability: Very Complex (Grade 16.9). Exclamation marks: No exclamation marks (measured tone). Capitalization: Normal. [Analyzes STYLE only, not FACTS]",#1029,Pending,,,"[{""time"": ""18:57"", ""event"": ""Article submitted for analysis""}]",18:57,University Opens New Centre for Artificial Intelligence Research,,,No
MIND-BLOWING NEWS!!! A newly developed AI robot has supposedly become capable of diagnosing EVERY disease with 100% accuracy and replacing doctors completely. Social media posts describe the machine as PERFECT and claim hospitals will no longer need human doctors.,Unknown,Likely Misinformation,0.989966094493866,0.5,,0.2666666666666667,0.3733333333333333,0.2218096153846156,1.0,0.1174242424242424,,,,,,"⚠ MIXED - Multiple concerns: sensationalism, excessive caps. Tone: Positive. Content: Mostly FACTS with some opinion (37%). Readability: Complex (Grade 15.0). Exclamation marks: Heavy (100%). Capitalization: High (5 ALL-CAPS words, 13% of text). [Analyzes STYLE only, not FACTS]",#1030,Pending,,,"[{""time"": ""18:57"", ""event"": ""Article submitted for analysis""}]",18:57,AI Robot Becomes First Machine to Replace Every Doctor,,,No
"Researchers are studying how parks and other green spaces influence temperature, air quality and people's use of urban areas. The work combines environmental measurements with observations of how residents interact with public spaces.",Unknown,Likely Real,0.7548738121986389,0.5,,-0.08125,0.1854166666666666,0.2345113636363638,0.0,0.0085470085470085,,,,,,"✓ CREDIBLE - Professional tone, fact-based, no red flags. Tone: Neutral. Content: Mostly FACTS (82%). Readability: Complex (Grade 14.1). Exclamation marks: No exclamation marks (measured tone). Capitalization: Normal. [Analyzes STYLE only, not FACTS]",#1031,Pending,,,"[{""time"": ""18:57"", ""event"": ""Article submitted for analysis""}]",18:57,Researchers Examine Effects of Urban Green Spaces,,,No
"🌕🚨 URGENT SPACE ALERT!!! Scientists have supposedly confirmed that the Moon will turn COMPLETELY GREEN for three consecutive nights next month because of a rare cosmic event. The claim has gone viral online, but no supporting scientific evidence has been provided.",Unknown,Likely Misinformation,0.6922101974487305,0.5,,0.075,0.49,0.5159666666666669,1.0,0.1287878787878787,,,,,,"⚠ MIXED - Multiple concerns: sensationalism, excessive caps. Tone: Neutral. Content: BALANCED (51% facts, 49% opinion). Readability: Standard (Grade 9.4). Exclamation marks: Heavy (100%). Capitalization: High (5 ALL-CAPS words, 12% of text). [Analyzes STYLE only, not FACTS]",#1032,Pending,,,"[{""time"": ""18:57"", ""event"": ""Article submitted for analysis""}]",18:57,Moon Will Turn Completely Green Next Month,,,No
Scientists have reported experimental results from a new battery material that showed promising performance during controlled laboratory tests. The researchers noted that additional experiments are needed before the material can be considered for commercial applications.,Unknown,Likely Real,0.7472002506256104,0.5,,0.1090909090909091,0.3386363636363636,-0.0188178571428568,0.0,0.007380073800738,,,,,,"✓ CREDIBLE - Professional tone, fact-based, no red flags. Tone: Neutral. Content: Mostly FACTS with some opinion (33%). Readability: Very Complex (Grade 17.9). Exclamation marks: No exclamation marks (measured tone). Capitalization: Normal. [Analyzes STYLE only, not FACTS]",#1033,Pending,,,"[{""time"": ""18:57"", ""event"": ""Article submitted for analysis""}]",18:57,New Battery Material Shows Promise in Laboratory Tests,,,No
BREAKING!!! INTERNET USERS ARE ABOUT TO EXPERIENCE THE BIGGEST TECHNOLOGY REVOLUTION EVER!!! A viral claim says that all internet connections will automatically become 100 TIMES FASTER overnight without any hardware changes. The claim has not been supported by network operators.,Unknown,Likely Misinformation,0.7582793831825256,0.5,,0.0,0.0,0.2621666666666666,2.0,0.3154121863799283,,,,,,"⚠ MIXED - Multiple concerns: sensationalism, excessive caps. Tone: Neutral. Content: Mostly FACTS (100%). Readability: Complex (Grade 12.9). Exclamation marks: Heavy (200%). Capitalization: High (11 ALL-CAPS words, 28% of text). [Analyzes STYLE only, not FACTS]",#1034,Pending,,,"[{""time"": ""18:57"", ""event"": ""Article submitted for analysis""}]",18:57,Internet Speed Will Become 100 Times Faster Overnight,,,No
"🚨 SHOCKING NEWS!!! CSK HAS MADE THE BIGGEST ANNOUNCEMENT OF THE YEAR!!! MS DHONI WILL NOW BE THE PERMANENT CAPTAIN OF THE INDIAN CRICKET TEAM!!! According to sources, the BCCI has secretly decided that NO OTHER PLAYER can replace the legendary captain. This AMAZING decision has left fans COMPLETELY CRAZY!!!",Unknown,Likely Misinformation,0.8483400940895081,0.5,,-0.1053571428571428,0.6964285714285714,0.5455227040816328,6.0,0.4902597402597403,,,,,,"✗ SUSPICIOUS - Multiple red flags: opinion-heavy, sensationalism, excessive caps. Tone: Neutral. Content: Mostly OPINION (69%). Readability: Standard (Grade 8.7). Exclamation marks: Heavy (600%). Capitalization: High (20 ALL-CAPS words, 41% of text). [Analyzes STYLE only, not FACTS]",#1035,Pending,,,"[{""time"": ""19:05"", ""event"": ""Article submitted for analysis""}]",19:05,,,,No
